Workbook

Sheet Daily Journal
A1: date_pt | B1: trading_day_number | C1: session_status | D1: strategy_enabled_time_pt | E1: strategy_disabled_time_pt | F1: instrument | G1: contract_month | H1: trades_count | I1: total_qty | J1: gross_pnl | K1: commission_estimated | L1: adjusted_pnl | M1: cumulative_adjusted_pnl | N1: high_water_mark | O1: current_drawdown | P1: daily_win_count | Q1: daily_loss_count | R1: cumulative_win_pct | S1: cumulative_adjusted_pf | T1: avg_trade | U1: max_favorable_trade | V1: max_adverse_trade | W1: median_slippage_ticks | X1: max_slippage_ticks | Y1: stop_hit_count | Z1: target_hit_count | AA1: manual_intervention | AB1: platform_error | AC1: data_issue | AD1: rule_violation | AE1: daily_stop_triggered | AF1: weekly_stop_triggered | AG1: trailing_dd_stop_triggered | AH1: notes
K2: =IF(ISNUMBER(I2),1.9*I2,"") | L2: =IF(AND(ISNUMBER(J2),ISNUMBER(K2)),J2-K2,"") | M2: =IF(ISNUMBER(L2),L2,"") | N2: =IF(ISNUMBER(M2),MAX(M$2:M2),"") | O2: =IF(ISNUMBER(M2),M2-N2,"") | R2: =IF(COUNT(L$2:L2)>0,COUNTIF(L$2:L2,">0")/COUNT(L$2:L2)*100,"") | S2: =IF(SUMIF(L$2:L2,"<0")<0,SUMIF(L$2:L2,">0")/ABS(SUMIF(L$2:L2,"<0")),"") | T2: =IF(SUM(H$2:H2)>0,SUM(L$2:L2)/SUM(H$2:H2),"") | AE2: =IF(ISNUMBER(L2),IF(L2<=-200,1,0),"") | AG2: =IF(ISNUMBER(O2),IF(O2<=-300,1,0),"")
K3: =IF(ISNUMBER(I3),1.9*I3,"") | L3: =IF(AND(ISNUMBER(J3),ISNUMBER(K3)),J3-K3,"") | M3: =IF(ISNUMBER(L3),IF(ISNUMBER(M2),M2,0)+L3,IF(ISNUMBER(M2),M2,"")) | N3: =IF(ISNUMBER(M3),MAX(M$2:M3),"") | O3: =IF(ISNUMBER(M3),M3-N3,"") | R3: =IF(COUNT(L$2:L3)>0,COUNTIF(L$2:L3,">0")/COUNT(L$2:L3)*100,"") | S3: =IF(SUMIF(L$2:L3,"<0")<0,SUMIF(L$2:L3,">0")/ABS(SUMIF(L$2:L3,"<0")),"") | T3: =IF(SUM(H$2:H3)>0,SUM(L$2:L3)/SUM(H$2:H3),"") | AE3: =IF(ISNUMBER(L3),IF(L3<=-200,1,0),"") | AG3: =IF(ISNUMBER(O3),IF(O3<=-300,1,0),"")
K4: =IF(ISNUMBER(I4),1.9*I4,"") | L4: =IF(AND(ISNUMBER(J4),ISNUMBER(K4)),J4-K4,"") | M4: =IF(ISNUMBER(L4),IF(ISNUMBER(M3),M3,0)+L4,IF(ISNUMBER(M3),M3,"")) | N4: =IF(ISNUMBER(M4),MAX(M$2:M4),"") | O4: =IF(ISNUMBER(M4),M4-N4,"") | R4: =IF(COUNT(L$2:L4)>0,COUNTIF(L$2:L4,">0")/COUNT(L$2:L4)*100,"") | S4: =IF(SUMIF(L$2:L4,"<0")<0,SUMIF(L$2:L4,">0")/ABS(SUMIF(L$2:L4,"<0")),"") | T4: =IF(SUM(H$2:H4)>0,SUM(L$2:L4)/SUM(H$2:H4),"") | AE4: =IF(ISNUMBER(L4),IF(L4<=-200,1,0),"") | AG4: =IF(ISNUMBER(O4),IF(O4<=-300,1,0),"")
K5: =IF(ISNUMBER(I5),1.9*I5,"") | L5: =IF(AND(ISNUMBER(J5),ISNUMBER(K5)),J5-K5,"") | M5: =IF(ISNUMBER(L5),IF(ISNUMBER(M4),M4,0)+L5,IF(ISNUMBER(M4),M4,"")) | N5: =IF(ISNUMBER(M5),MAX(M$2:M5),"") | O5: =IF(ISNUMBER(M5),M5-N5,"") | R5: =IF(COUNT(L$2:L5)>0,COUNTIF(L$2:L5,">0")/COUNT(L$2:L5)*100,"") | S5: =IF(SUMIF(L$2:L5,"<0")<0,SUMIF(L$2:L5,">0")/ABS(SUMIF(L$2:L5,"<0")),"") | T5: =IF(SUM(H$2:H5)>0,SUM(L$2:L5)/SUM(H$2:H5),"") | AE5: =IF(ISNUMBER(L5),IF(L5<=-200,1,0),"") | AG5: =IF(ISNUMBER(O5),IF(O5<=-300,1,0),"")
K6: =IF(ISNUMBER(I6),1.9*I6,"") | L6: =IF(AND(ISNUMBER(J6),ISNUMBER(K6)),J6-K6,"") | M6: =IF(ISNUMBER(L6),IF(ISNUMBER(M5),M5,0)+L6,IF(ISNUMBER(M5),M5,"")) | N6: =IF(ISNUMBER(M6),MAX(M$2:M6),"") | O6: =IF(ISNUMBER(M6),M6-N6,"") | R6: =IF(COUNT(L$2:L6)>0,COUNTIF(L$2:L6,">0")/COUNT(L$2:L6)*100,"") | S6: =IF(SUMIF(L$2:L6,"<0")<0,SUMIF(L$2:L6,">0")/ABS(SUMIF(L$2:L6,"<0")),"") | T6: =IF(SUM(H$2:H6)>0,SUM(L$2:L6)/SUM(H$2:H6),"") | AE6: =IF(ISNUMBER(L6),IF(L6<=-200,1,0),"") | AG6: =IF(ISNUMBER(O6),IF(O6<=-300,1,0),"")
K7: =IF(ISNUMBER(I7),1.9*I7,"") | L7: =IF(AND(ISNUMBER(J7),ISNUMBER(K7)),J7-K7,"") | M7: =IF(ISNUMBER(L7),IF(ISNUMBER(M6),M6,0)+L7,IF(ISNUMBER(M6),M6,"")) | N7: =IF(ISNUMBER(M7),MAX(M$2:M7),"") | O7: =IF(ISNUMBER(M7),M7-N7,"") | R7: =IF(COUNT(L$2:L7)>0,COUNTIF(L$2:L7,">0")/COUNT(L$2:L7)*100,"") | S7: =IF(SUMIF(L$2:L7,"<0")<0,SUMIF(L$2:L7,">0")/ABS(SUMIF(L$2:L7,"<0")),"") | T7: =IF(SUM(H$2:H7)>0,SUM(L$2:L7)/SUM(H$2:H7),"") | AE7: =IF(ISNUMBER(L7),IF(L7<=-200,1,0),"") | AG7: =IF(ISNUMBER(O7),IF(O7<=-300,1,0),"")
K8: =IF(ISNUMBER(I8),1.9*I8,"") | L8: =IF(AND(ISNUMBER(J8),ISNUMBER(K8)),J8-K8,"") | M8: =IF(ISNUMBER(L8),IF(ISNUMBER(M7),M7,0)+L8,IF(ISNUMBER(M7),M7,"")) | N8: =IF(ISNUMBER(M8),MAX(M$2:M8),"") | O8: =IF(ISNUMBER(M8),M8-N8,"") | R8: =IF(COUNT(L$2:L8)>0,COUNTIF(L$2:L8,">0")/COUNT(L$2:L8)*100,"") | S8: =IF(SUMIF(L$2:L8,"<0")<0,SUMIF(L$2:L8,">0")/ABS(SUMIF(L$2:L8,"<0")),"") | T8: =IF(SUM(H$2:H8)>0,SUM(L$2:L8)/SUM(H$2:H8),"") | AE8: =IF(ISNUMBER(L8),IF(L8<=-200,1,0),"") | AG8: =IF(ISNUMBER(O8),IF(O8<=-300,1,0),"")
K9: =IF(ISNUMBER(I9),1.9*I9,"") | L9: =IF(AND(ISNUMBER(J9),ISNUMBER(K9)),J9-K9,"") | M9: =IF(ISNUMBER(L9),IF(ISNUMBER(M8),M8,0)+L9,IF(ISNUMBER(M8),M8,"")) | N9: =IF(ISNUMBER(M9),MAX(M$2:M9),"") | O9: =IF(ISNUMBER(M9),M9-N9,"") | R9: =IF(COUNT(L$2:L9)>0,COUNTIF(L$2:L9,">0")/COUNT(L$2:L9)*100,"") | S9: =IF(SUMIF(L$2:L9,"<0")<0,SUMIF(L$2:L9,">0")/ABS(SUMIF(L$2:L9,"<0")),"") | T9: =IF(SUM(H$2:H9)>0,SUM(L$2:L9)/SUM(H$2:H9),"") | AE9: =IF(ISNUMBER(L9),IF(L9<=-200,1,0),"") | AG9: =IF(ISNUMBER(O9),IF(O9<=-300,1,0),"")
K10: =IF(ISNUMBER(I10),1.9*I10,"") | L10: =IF(AND(ISNUMBER(J10),ISNUMBER(K10)),J10-K10,"") | M10: =IF(ISNUMBER(L10),IF(ISNUMBER(M9),M9,0)+L10,IF(ISNUMBER(M9),M9,"")) | N10: =IF(ISNUMBER(M10),MAX(M$2:M10),"") | O10: =IF(ISNUMBER(M10),M10-N10,"") | R10: =IF(COUNT(L$2:L10)>0,COUNTIF(L$2:L10,">0")/COUNT(L$2:L10)*100,"") | S10: =IF(SUMIF(L$2:L10,"<0")<0,SUMIF(L$2:L10,">0")/ABS(SUMIF(L$2:L10,"<0")),"") | T10: =IF(SUM(H$2:H10)>0,SUM(L$2:L10)/SUM(H$2:H10),"") | AE10: =IF(ISNUMBER(L10),IF(L10<=-200,1,0),"") | AG10: =IF(ISNUMBER(O10),IF(O10<=-300,1,0),"")
K11: =IF(ISNUMBER(I11),1.9*I11,"") | L11: =IF(AND(ISNUMBER(J11),ISNUMBER(K11)),J11-K11,"") | M11: =IF(ISNUMBER(L11),IF(ISNUMBER(M10),M10,0)+L11,IF(ISNUMBER(M10),M10,"")) | N11: =IF(ISNUMBER(M11),MAX(M$2:M11),"") | O11: =IF(ISNUMBER(M11),M11-N11,"") | R11: =IF(COUNT(L$2:L11)>0,COUNTIF(L$2:L11,">0")/COUNT(L$2:L11)*100,"") | S11: =IF(SUMIF(L$2:L11,"<0")<0,SUMIF(L$2:L11,">0")/ABS(SUMIF(L$2:L11,"<0")),"") | T11: =IF(SUM(H$2:H11)>0,SUM(L$2:L11)/SUM(H$2:H11),"") | AE11: =IF(ISNUMBER(L11),IF(L11<=-200,1,0),"") | AG11: =IF(ISNUMBER(O11),IF(O11<=-300,1,0),"")
K12: =IF(ISNUMBER(I12),1.9*I12,"") | L12: =IF(AND(ISNUMBER(J12),ISNUMBER(K12)),J12-K12,"") | M12: =IF(ISNUMBER(L12),IF(ISNUMBER(M11),M11,0)+L12,IF(ISNUMBER(M11),M11,"")) | N12: =IF(ISNUMBER(M12),MAX(M$2:M12),"") | O12: =IF(ISNUMBER(M12),M12-N12,"") | R12: =IF(COUNT(L$2:L12)>0,COUNTIF(L$2:L12,">0")/COUNT(L$2:L12)*100,"") | S12: =IF(SUMIF(L$2:L12,"<0")<0,SUMIF(L$2:L12,">0")/ABS(SUMIF(L$2:L12,"<0")),"") | T12: =IF(SUM(H$2:H12)>0,SUM(L$2:L12)/SUM(H$2:H12),"") | AE12: =IF(ISNUMBER(L12),IF(L12<=-200,1,0),"") | AG12: =IF(ISNUMBER(O12),IF(O12<=-300,1,0),"")
K13: =IF(ISNUMBER(I13),1.9*I13,"") | L13: =IF(AND(ISNUMBER(J13),ISNUMBER(K13)),J13-K13,"") | M13: =IF(ISNUMBER(L13),IF(ISNUMBER(M12),M12,0)+L13,IF(ISNUMBER(M12),M12,"")) | N13: =IF(ISNUMBER(M13),MAX(M$2:M13),"") | O13: =IF(ISNUMBER(M13),M13-N13,"") | R13: =IF(COUNT(L$2:L13)>0,COUNTIF(L$2:L13,">0")/COUNT(L$2:L13)*100,"") | S13: =IF(SUMIF(L$2:L13,"<0")<0,SUMIF(L$2:L13,">0")/ABS(SUMIF(L$2:L13,"<0")),"") | T13: =IF(SUM(H$2:H13)>0,SUM(L$2:L13)/SUM(H$2:H13),"") | AE13: =IF(ISNUMBER(L13),IF(L13<=-200,1,0),"") | AG13: =IF(ISNUMBER(O13),IF(O13<=-300,1,0),"")
K14: =IF(ISNUMBER(I14),1.9*I14,"") | L14: =IF(AND(ISNUMBER(J14),ISNUMBER(K14)),J14-K14,"") | M14: =IF(ISNUMBER(L14),IF(ISNUMBER(M13),M13,0)+L14,IF(ISNUMBER(M13),M13,"")) | N14: =IF(ISNUMBER(M14),MAX(M$2:M14),"") | O14: =IF(ISNUMBER(M14),M14-N14,"") | R14: =IF(COUNT(L$2:L14)>0,COUNTIF(L$2:L14,">0")/COUNT(L$2:L14)*100,"") | S14: =IF(SUMIF(L$2:L14,"<0")<0,SUMIF(L$2:L14,">0")/ABS(SUMIF(L$2:L14,"<0")),"") | T14: =IF(SUM(H$2:H14)>0,SUM(L$2:L14)/SUM(H$2:H14),"") | AE14: =IF(ISNUMBER(L14),IF(L14<=-200,1,0),"") | AG14: =IF(ISNUMBER(O14),IF(O14<=-300,1,0),"")
... K251: =IF(ISNUMBER(I251),1.9*I251,"") | L251: =IF(AND(ISNUMBER(J251),ISNUMBER(K251)),J251-K251,"") | M251: =IF(ISNUMBER(L251),IF(ISNUMBER(M250),M250,0)+L251,IF(ISNUMBER(M250),M250,"")) | N251: =IF(ISNUMBER(M251),MAX(M$2:M251),"") | O251: =IF(ISNUMBER(M251),M251-N251,"") | R251: =IF(COUNT(L$2:L251)>0,COUNTIF(L$2:L251,">0")/COUNT(L$2:L251)*100,"") | S251: =IF(SUMIF(L$2:L251,"<0")<0,SUMIF(L$2:L251,">0")/ABS(SUMIF(L$2:L251,"<0")),"") | T251: =IF(SUM(H$2:H251)>0,SUM(L$2:L251)/SUM(H$2:H251),"") | AE251: =IF(ISNUMBER(L251),IF(L251<=-200,1,0),"") | AG251: =IF(ISNUMBER(O251),IF(O251<=-300,1,0),"")

Sheet Summary
A1: Trading days completed (rows with adj) | B1: =COUNT('Daily Journal'!L2:L251)
A2: Total trades | B2: =SUM('Daily Journal'!H2:H251)
A3: Cumulative adjusted PnL | B3: =SUM('Daily Journal'!L2:L251)
A4: Adjusted PF | B4: =IF(SUMIF('Daily Journal'!L2:L251,"<0")<0,SUMIF('Daily Journal'!L2:L251,">0")/ABS(SUMIF('Daily Journal'!L2:L251,"<0")),"")
A5: Win % (winning days / days with trades) | B5: =IF(COUNT('Daily Journal'!L2:L251)>0,COUNTIF('Daily Journal'!L2:L251,">0")/COUNT('Daily Journal'!L2:L251)*100,"")
A6: Avg adjusted PnL per trade | B6: =IF(SUM('Daily Journal'!H2:H251)>0,SUM('Daily Journal'!L2:L251)/SUM('Daily Journal'!H2:H251),"")
A7: Max trailing drawdown | B7: =IF(COUNT('Daily Journal'!O2:O251)>0,MIN('Daily Journal'!O2:O251),"")
A8: Daily stops triggered | B8: =SUM('Daily Journal'!AE2:AE251)
A9: Trailing DD stops triggered | B9: =SUM('Daily Journal'!AG2:AG251)
A11: PASS gates (informational only)
A12: adj PF >= 1.50 | B12: =IF(B4="","",IF(B4>=1.5,"PASS","FAIL"))
A13: win % >= 45 | B13: =IF(B5="","",IF(B5>=45,"PASS","FAIL"))
A14: max DD >= -300 | B14: =IF(B7="","",IF(B7>=-300,"PASS","FAIL"))
A15: trades >= 25 | B15: =IF(B2>=25,"PASS","FAIL")
A16: days >= 60 | B16: =IF(B1>=60,"PASS","FAIL")

Sheet README
A1: PAPER B1 ShortOnly — Daily Journal
A3: This workbook tracks daily paper-forward-test results for NTAMicroVwapRiskPilot (B1 ShortOnly).
A4: See PAPER_B1_SHORTONLY_RUNBOOK.md / PAPER_B1_SHORTONLY_PROFILE.json / PAPER_B1_SHORTONLY_CHECKLIST.md.
A6: Manually fill these columns each trading day:
A7: date_pt, trading_day_number, session_status, strategy_enabled_time_pt, strategy_disabled_time_pt,
A8: instrument, contract_month, trades_count, total_qty, gross_pnl, daily_win_count, daily_loss_count,
A9: max_favorable_trade, max_adverse_trade, median_slippage_ticks, max_slippage_ticks,
A10: stop_hit_count, target_hit_count, manual_intervention, platform_error, data_issue,
A11: rule_violation, weekly_stop_triggered, notes.
A13: Auto-computed:
A14: commission_estimated = 1.9 * total_qty
A15: adjusted_pnl = gross_pnl - commission_estimated
... A29: 92 trades, Adj +2738.30, aPF 2.49, Adj DD -174, 8/8 positive quarters.
